{"name":"e5e959d1-f538-40de-bb5c-6266dd733621","id":"/providers/Microsoft.Flow/flows/e5e959d1-f538-40de-bb5c-6266dd733621","type":"Microsoft.Flow/flows","properties":{"apiId":"/providers/Microsoft.PowerApps/apis/shared_logicflows","displayName":"EmployeesHoursApp-End","definition":{"metadata":{"workflowEntityId":null,"flowclientsuspensionreason":"None","flowclientsuspensiontime":null,"creator":{"id":"a02bcbfb-7f6e-4c90-90e8-79d23b94b76d","type":"User","tenantId":"d72ef92a-84b5-4f9b-a5bc-249ee09d58d2"},"provisioningMethod":"FromDefinition","failureAlertSubscription":true,"clientLastModifiedTime":"2020-10-28T23:05:23.3247933Z"},"$schema":"https://schema.management.azure.com/providers/Microsoft.Logic/schemas/2016-06-01/workflowdefinition.json#","contentVersion":"1.0.0.0","parameters":{"$connections":{"defaultValue":{},"type":"Object"},"$authentication":{"defaultValue":{},"type":"SecureObject"}},"triggers":{"manual":{"type":"Request","kind":"PowerApp","inputs":{"schema":{"type":"object","properties":{"Getitems_FilterQuery":{"type":"string","description":"An ODATA filter query to restrict the entries returned (e.g. stringColumn eq 'string' OR numberColumn lt 123).. This parameter is used as part of \"14CF7881-0687-4A7C-A746-79CCF57B0FF1\"","x-ms-powerflows-param-ispartial":true}},"required":["Getitems_FilterQuery"]}}}},"actions":{"Get_items":{"runAfter":{},"type":"OpenApiConnection","inputs":{"host":{"apiId":"/providers/Microsoft.PowerApps/apis/shared_sharepointonline","connectionName":"shared_sharepointonline","operationId":"GetItems"},"parameters":{"dataset":"https://kiserachamin.sharepoint.com/sites/apps-data-center","table":"17fa1592-684c-4db0-b747-940fe5b470d3","$filter":"Title eq '@{triggerBody()['Getitems_FilterQuery']}'","$orderby":"EndTime asc","$top":1},"authentication":{"value":"@json(decodeBase64(triggerOutputs().headers['X-MS-APIM-Tokens']))['$ConnectionKey']","type":"Raw"}}},"Initialize_variable":{"runAfter":{"Get_items":["Succeeded"]},"type":"InitializeVariable","inputs":{"variables":[{"name":"itemID","type":"integer","value":"@first(outputs('Get_items')?['body/value'])['ID']"}]}},"Initialize_variable_2":{"runAfter":{"Initialize_variable":["Succeeded"]},"type":"InitializeVariable","inputs":{"variables":[{"name":"itemTitle","type":"string","value":"@{first(outputs('Get_items')?['body/value'])['Title']}"}]}},"Update_item":{"runAfter":{"Convert_time_zone":["Succeeded"]},"type":"OpenApiConnection","inputs":{"host":{"apiId":"/providers/Microsoft.PowerApps/apis/shared_sharepointonline","connectionName":"shared_sharepointonline","operationId":"PatchItem"},"parameters":{"dataset":"https://kiserachamin.sharepoint.com/sites/apps-data-center","table":"17fa1592-684c-4db0-b747-940fe5b470d3","id":"@variables('itemID')","item/Title":"@variables('itemTitle')","item/EndTime":"@utcNow()"},"authentication":{"value":"@json(decodeBase64(triggerOutputs().headers['X-MS-APIM-Tokens']))['$ConnectionKey']","type":"Raw"}}},"Convert_time_zone":{"runAfter":{"Initialize_variable_2":["Succeeded"]},"type":"Expression","kind":"ConvertTimeZone","inputs":{"baseTime":"@{utcNow()}","formatString":"hh:mm","sourceTimeZone":"UTC","destinationTimeZone":"Israel Standard Time"}},"Respond_to_a_PowerApp_or_flow":{"runAfter":{"Update_item":["Succeeded"]},"type":"Response","kind":"PowerApp","inputs":{"statusCode":200,"body":{"status":"עודכן פריט עבור @{variables('itemTitle')}, @{body('Convert_time_zone')}"},"schema":{"type":"object","properties":{"status":{"title":"status","x-ms-dynamically-added":true,"type":"string"}}}}}},"outputs":{}},"connectionReferences":{"shared_sharepointonline":{"connectionName":"498db5040bf94a58b9091d485728970b","source":"Invoker","id":"/providers/Microsoft.PowerApps/apis/shared_sharepointonline","tier":"NotSpecified"}},"flowFailureAlertSubscribed":false}}