{"name":"bce9da61-6c33-40bc-8967-fce214cbf1cf","id":"/providers/Microsoft.Flow/flows/bce9da61-6c33-40bc-8967-fce214cbf1cf","type":"Microsoft.Flow/flows","properties":{"apiId":"/providers/Microsoft.PowerApps/apis/shared_logicflows","displayName":"EmployeesHoursApp-Start","definition":{"metadata":{"workflowEntityId":null,"flowclientsuspensionreason":"None","flowclientsuspensiontime":null,"creator":{"id":"a02bcbfb-7f6e-4c90-90e8-79d23b94b76d","type":"User","tenantId":"d72ef92a-84b5-4f9b-a5bc-249ee09d58d2"},"provisioningMethod":"FromDefinition","failureAlertSubscription":true,"clientLastModifiedTime":"2020-10-28T22:45:24.4612938Z"},"$schema":"https://schema.management.azure.com/providers/Microsoft.Logic/schemas/2016-06-01/workflowdefinition.json#","contentVersion":"1.0.0.0","parameters":{"$connections":{"defaultValue":{},"type":"Object"},"$authentication":{"defaultValue":{},"type":"SecureObject"}},"triggers":{"manual":{"type":"Request","kind":"PowerApp","inputs":{"schema":{"type":"object","properties":{"Createitem_Title":{"type":"string","x-ms-powerflows-param-ispartial":false}},"required":["Createitem_Title"]}}}},"actions":{"Create_item":{"runAfter":{"Convert_time_zone":["Succeeded"]},"type":"OpenApiConnection","inputs":{"host":{"apiId":"/providers/Microsoft.PowerApps/apis/shared_sharepointonline","connectionName":"shared_sharepointonline","operationId":"PostItem"},"parameters":{"dataset":"https://kiserachamin.sharepoint.com/sites/apps-data-center","table":"17fa1592-684c-4db0-b747-940fe5b470d3","item/Title":"@triggerBody()['Createitem_Title']"},"authentication":{"value":"@json(decodeBase64(triggerOutputs().headers['X-MS-APIM-Tokens']))['$ConnectionKey']","type":"Raw"}}},"Convert_time_zone":{"runAfter":{},"type":"Expression","kind":"ConvertTimeZone","inputs":{"baseTime":"@{utcNow()}","formatString":"hh:mm","sourceTimeZone":"UTC","destinationTimeZone":"Israel Standard Time"}},"Respond_to_a_PowerApp_or_flow":{"runAfter":{"Create_item":["Succeeded"]},"type":"Response","kind":"PowerApp","inputs":{"statusCode":200,"body":{"status":"נוצר פריט חדש עבור @{outputs('Create_item')?['body/Title']}, @{body('Convert_time_zone')}"},"schema":{"type":"object","properties":{"status":{"title":"status","x-ms-dynamically-added":true,"type":"string"}}}}}},"outputs":{}},"connectionReferences":{"shared_sharepointonline":{"connectionName":"498db5040bf94a58b9091d485728970b","source":"Invoker","id":"/providers/Microsoft.PowerApps/apis/shared_sharepointonline","tier":"NotSpecified"}},"flowFailureAlertSubscribed":false}}